"symbol","title","url","date","content","author","publish_time"
"ITQ","ITQ: ITQ THÔNG BÁO VỀ NGÀY ĐĂNG KÝ CUỐI CÙNG ĐỂ THỰC HIỆN QUYỀN THAM DỰ ĐHĐCĐ NĂM 2025","https://vietstock.vn/2025/05/itq-itq-thong-bao-ve-ngay-dang-ky-cuoi-cung-de-thuc-hien-quyen-tham-du-dhdcd-nam-2025-737-1305419.htm","06/05/2025","ITQ: ITQ THÔNG BÁO VỀ NGÀY ĐĂNG KÝ CUỐI CÙNG ĐỂ THỰC HIỆN QUYỀN THAM DỰ ĐHĐCĐ NĂM 2025
.","",""
"ITQ","ITQ: Báo cáo thường niên 2024","https://vietstock.vn/2025/04/itq-bao-cao-thuong-nien-2024-737-1299666.htm","22/04/2025","ITQ: Báo cáo thường niên 2024","",""
"ITQ","ITQ: Báo cáo tài chính quý 1/2025","https://vietstock.vn/2025/04/itq-bao-cao-tai-chinh-quy-1-2025-737-1298771.htm","21/04/2025","ITQ: Báo cáo tài chính quý 1/2025","",""
"ITQ","ITQ: Nghị quyết Hội đồng quản trị","https://vietstock.vn/2025/04/itq-nghi-quyet-hoi-dong-quan-tri-737-1289727.htm","02/04/2025","ITQ: Nghị quyết Hội đồng quản trị
.","",""
"ITQ","ITQ: Báo cáo tài chính năm 2024","https://vietstock.vn/2025/04/itq-bao-cao-tai-chinh-nam-2024-737-1289725.htm","02/04/2025","ITQ: Báo cáo tài chính năm 2024","",""
"ITQ","ITQ: Giải trình chênh lệch LNST năm 2024 so với năm 2023","https://vietstock.vn/2025/04/itq-giai-trinh-chenh-lech-lnst-nam-2024-so-voi-nam-2023-830-1289726.htm","02/04/2025","ITQ: Giải trình chênh lệch LNST năm 2024 so với năm 2023
.","",""
"ITQ","ITQ: Báo cáo quản trị công ty năm 2024","https://vietstock.vn/2025/01/itq-bao-cao-quan-tri-cong-ty-nam-2024-737-1266500.htm","24/01/2025","ITQ: Báo cáo quản trị công ty năm 2024","",""
"ITQ","ITQ: Báo cáo tài chính quý 4/2024","https://vietstock.vn/2025/01/itq-bao-cao-tai-chinh-quy-4-2024-737-1265079.htm","22/01/2025","ITQ: Báo cáo tài chính quý 4/2024","",""
"ITQ","ITQ: Nghị quyết Hội đồng quản trị","https://vietstock.vn/2024/11/itq-nghi-quyet-hoi-dong-quan-tri-737-1247943.htm","26/11/2024","ITQ: Nghị quyết Hội đồng quản trị
.","",""
"ITQ","ITQ: Báo cáo tài chính quý 3/2024","https://vietstock.vn/2024/10/itq-bao-cao-tai-chinh-quy-3-2024-737-1237524.htm","18/10/2024","ITQ: Báo cáo tài chính quý 3/2024","",""
"ITQ","ITQ: Báo cáo tài chính bán niên năm 2024","https://vietstock.vn/2024/08/itq-bao-cao-tai-chinh-ban-nien-nam-2024-737-1219619.htm","15/08/2024","ITQ: Báo cáo tài chính bán niên năm 2024","",""
"ITQ","ITQ: Báo cáo quản trị công ty bán niên 2024","https://vietstock.vn/2024/08/itq-bao-cao-quan-tri-cong-ty-ban-nien-2024-737-1215316.htm","01/08/2024","ITQ: Báo cáo quản trị công ty bán niên 2024","",""
"ITQ","ITQ: Báo cáo tài chính quý 2/2024","https://vietstock.vn/2024/07/itq-bao-cao-tai-chinh-quy-2-2024-737-1210717.htm","23/07/2024","ITQ: Báo cáo tài chính quý 2/2024","",""
"ITQ","ITQ: ITQ ký Hợp đồng kiểm toán năm 2024","https://vietstock.vn/2024/07/itq-itq-ky-hop-dong-kiem-toan-nam-2024-737-1203229.htm","01/07/2024","ITQ: ITQ ký Hợp đồng kiểm toán năm 2024
.","",""
"ITQ","IR Awards 2024: 424 doanh nghiệp niêm yết thực hiện tốt các tiêu chuẩn công bố thông tin, tỷ lệ tăng mạnh lên mức 60%","https://vietstock.vn/2024/07/ir-awards-2024-424-doanh-nghiep-niem-yet-thuc-hien-tot-cac-tieu-chuan-cong-bo-thong-tin-ty-le-tang-manh-len-muc-60-830-1203100.htm","01/07/2024","IR Awards 2024: 424 doanh nghiệp niêm yết thực hiện tốt các tiêu chuẩn công bố thông tin, tỷ lệ tăng mạnh lên mức 60%
Doanh nghiệp đạt Chuẩn Công bố thông tin năm 2024 đạt tỷ lệ 60% trên toàn thị trường, tăng mạnh so với mức 50% của năm liền trước.
Ngày 01/07/2024,Chương trình IR Awardschính thức công bố “Báo cáo khảo sát toàn diện về hoạt động công bố thông tin trên thị trường chứng khoán 2024”. Đây là hoạt động thường niên thuộc Chương trình IR Awards (2011-2024) do Vietstock, Hiệp hội VAFE và Tạp chí điện tử FiLi đồng tổ chức.
Công bố thông tin là hành vi công khai thông tin của doanh nghiệp niêm yết theo quy định của pháp luật. Đây không chỉ là nghĩa vụ pháp lý mà còn là trách nhiệm của các doanh nghiệp đại chúng với cổ đông nói riêng và cộng đồng nhà đầu tư nói chung. Kết quả khảo sát toàn diện về hoạt động công bố thông tin năm 2024 cho thấy, số lượng doanh nghiệp đáp ứng đầy đủ và kịp thời nghĩa vụ công bố thông tin trên cả hai sàn chứng khoán (HOSEvàHNX) là 424/708 đơn vị, chiếm 60% tổng số doanh nghiệp được khảo sát (kỳ khảo sát liền trước đạt tỷ lệ 50%).
Doanh nghiệp đạt Chuẩn Công bố thông tin của năm(Information Disclosure Best Practices)là một trong các hạng mục được Chương trình IR Awards 2024 công nhận thành tích và tôn vinh những doanh nghiệp đã đáp ứng đầy đủ các tiêu chuẩn công bố thông tin trên thị trường chứng khoán.
Theo đó, 424 Doanh nghiệp đạt Chuẩn Công bố thông tin năm 2024 đồng thời được cấp giấy chứng nhận danh hiệu điện tử từ Chương trình. Giấy chứng nhận danh hiệu điện tử sẽ được gửi về email của người đại diện công bố thông tin của các đơn vị đạt danh hiệu.
Trong thời gian tới, Chương trình sẽ chuyển qua giai đoạn đánh giá về hoạt động IR (quan hệ nhà đầu tư), hướng đến vinh danhTOP3 Doanh nghiệp có hoạt động IR tốt nhất năm 2024 tại buổi Lễ Vinh danh IR Awards lần thứ 14 sẽ diễn ra tại TPHCM.
TÓM TẮT KẾT QUẢ KHẢO SÁT
424 DOANH NGHIỆP ĐẠT CHUẨN CÔNG BỐ THÔNGTINNĂM 2024
* Tải báo cáo khảo sáttại đây
* Tìm hiểu về Doanh nghiệp đạt Chuẩn Công bố thông tintại đây
STT
MCK
Tên công ty
Sàn
Ngành
1
CTCP Nhựa An Phát Xanh
HOSE
Sản xuất
2
CTCP Thủy sản MeKong
HOSE
Sản xuất
3
CTCP AAV Group
HNX
Xây dựng và Bất động sản
4
CTCP Đầu tư Nhãn hiệu Việt
HOSE
Công nghệ và thông tin
5
CTCP Dịch vụ Nông nghiệp Bình Thuận
HOSE
Sản xuất
6
CTCP Xuất nhập khẩu Thủy sản Bến Tre
HOSE
Sản xuất
7
Ngân hàng TMCP Á Châu
HOSE
Tài chính và bảo hiểm
8
CTCP Đầu tư và Xây dựng Bình Dương ACC
HOSE
Sản xuất
9
CTCP Xuất nhập khẩu Thủy sản Cửu Long An Giang
HOSE
Sản xuất
10
CTCP Damsan
HOSE
Sản xuất
11
CTCP Chứng khoán Agribank
HOSE
Tài chính và bảo hiểm
12
CTCP Khoáng sản Á Châu
HNX
Khai khoáng
13
CTCP Sản xuất Kinh doanh Dược và Trang thiết bị Y tế Việt Mỹ
HNX
Sản xuất
14
CTCP Chiếu xạ An Phú
HOSE
Sản xuất
15
CTCP Tập đoàn An Phát Holdings
HOSE
Sản xuất
16
CTCP Dịch vụ Hàng không Taseco
HOSE
Vận tải và kho bãi
17
CTCP Tập Đoàn Dược Phẩm Atesco
HNX
Dịch vụ lưu trú và ăn uống
18
CTCP Nông nghiệp BAF Việt Nam
HOSE
Sản xuất
19
CTCP Thống Nhất
HNX
Xây dựng và Bất động sản
20
CTCP Bibica
HOSE
Sản xuất
21
CTCP VICEM Bao bì Bút Sơn
HNX
Sản xuất
22
CTCP Xây dựng và Giao thông Bình Dương
HOSE
Xây dựng và Bất động sản
23
CTCP Thực phẩm Bích Chi
HNX
Sản xuất
24
Tổng Công ty Đầu tư và Phát triển Công nghiệp – CTCP
HOSE
Xây dựng và Bất động sản
25
CTCP Sách và Thiết bị Bình Định
HNX
Công nghệ và thông tin
26
CTCP Sách và Thiết bị Trường học Đà Nẵng
HNX
Công nghệ và thông tin
27
CTCP Phân bón Bình Điền
HOSE
Sản xuất
28
Tổng Công ty cổ phần Bia - Rượu - Nước giải khát Hà Nội
HOSE
Sản xuất
29
Ngân hàng TMCP Đầu tư và Phát triển Việt Nam
HOSE
Tài chính và bảo hiểm
30
CTCP Khoáng sản Bắc Kạn
HNX
Khai khoáng
31
CTCP Đầu tư BKG Việt Nam
HOSE
Sản xuất
32
Tổng Công ty cổ phần Bảo Minh
HOSE
Tài chính và bảo hiểm
33
CTCP VICEM Bao bì Bỉm Sơn
HNX
Sản xuất
34
CTCP Cao su Bến Thành
HOSE
Sản xuất
35
CTCP Dịch vụ Bến Thành
HNX
Vận tải và kho bãi
36
CTCP Chứng khoán BIDV
HOSE
Tài chính và bảo hiểm
37
CTCP Sách và Thiết bị Bình Thuận
HNX
Công nghệ và thông tin
38
CTCP Nhiệt điện Bà Rịa
HOSE
Tiện ích
39
CTCP Xi măng VICEM Bút Sơn
HNX
Sản xuất
40
CTCP Thương mại Dịch vụ Bến Thành
HOSE
Bán lẻ
41
CTCP Cấp nước Bến Thành
HNX
Tiện ích
42
CTCP Chứng khoán Bảo Việt
HNX
Tài chính và bảo hiểm
43
CTCP - Tổng công ty nước - môi trường Bình Dương
HOSE
Tiện ích
44
CTCP VICEM Bao bì Hải Phòng
HNX
Sản xuất
45
CTCP CIC39
HOSE
Khai khoáng
46
CTCP Cảng An Giang
HNX
Vận tải và kho bãi
47
CTCP Đồ hộp Hạ Long
HNX
Sản xuất
48
CTCP Lâm Nông sản Thực phẩm Yên Bái
HNX
Sản xuất
49
CTCP Dây Cáp điện Việt Nam
HOSE
Sản xuất
50
CTCP Đầu tư Phát triển Công nghiệp Thương mại Củ Chi
HOSE
Bán lẻ
51
CTCP Đầu tư và Phát triển Đô thị Dầu khí Cửu Long
HOSE
Xây dựng và Bất động sản
52
CTCP Cảng Cam Ranh
HNX
Vận tải và kho bãi
53
CTCP Cảng Đà Nẵng
HNX
Vận tải và kho bãi
54
CTCP Thủy điện Miền Trung
HOSE
Tiện ích
55
CTCP Dịch vụ Sân bay Quốc tế Cam Ranh
HNX
Vận tải và kho bãi
56
CTCP COMA 18
HOSE
Xây dựng và Bất động sản
57
CTCP Đầu tư Hạ tầng Kỹ thuật Thành phố Hồ Chí Minh
HOSE
Xây dựng và Bất động sản
58
CTCP Cơ điện Miền Trung
HNX
Sản xuất
59
CTCP Cát Lợi
HOSE
Sản xuất
60
CTCP Xi măng La Hiên VVMI
HNX
Sản xuất
61
CTCP Xuất nhập khẩu Than - Vinacomin
HNX
Khai khoáng
62
CTCP Cấp nước Chợ Lớn
HOSE
Tiện ích
63
CTCP Đầu tư CMC
HNX
Bán buôn
64
CTCP Tập đoàn Công nghệ CMC
HOSE
Công nghệ và thông tin
65
CTCP Thuốc sát trùng Cần Thơ
HNX
Sản xuất
66
CTCP Bất động sản Thế Kỷ
HOSE
Xây dựng và Bất động sản
67
CTCP Tập đoàn COTANA
HNX
Xây dựng và Bất động sản
68
CTCP Công nghiệp Cao su Miền Nam
HOSE
Sản xuất
69
CTCP Hóa chất Cơ bản Miền Nam
HOSE
Sản xuất
70
CTCP Chế tạo Bơm Hải Dương
HNX
Sản xuất
71
CTCP Xây dựng Coteccons
HOSE
Xây dựng và Bất động sản
72
CTCP City Auto
HOSE
Bán lẻ
73
Ngân hàng TMCP Công Thương Việt Nam
HOSE
Tài chính và bảo hiểm
74
CTCP Đầu tư Phát triển Cường Thuận IDICO
HOSE
Xây dựng và Bất động sản
75
Tổng Công ty cổ phần Công trình Viettel
HOSE
Công nghệ và thông tin
76
CTCP Chế tạo Máy - Vinacomin
HNX
Sản xuất
77
CTCP CMC
HOSE
Sản xuất
78
CTCP Đầu tư và Xây lắp Constrexim Số 8
HNX
Xây dựng và Bất động sản
79
CTCP Phát triển Đô thị Công nghiệp số 2
HOSE
Xây dựng và Bất động sản
80
CTCP Đầu tư và Phát triển Giáo dục Đà Nẵng
HNX
Công nghệ và thông tin
81
CTCP Sách Giáo dục tại Thành phố Đà Nẵng
HNX
Công nghệ và thông tin
82
CTCP Đầu tư du lịch và Phát triển Thủy sản
HOSE
Sản xuất
83
CTCP Tập đoàn Dabaco Việt Nam
HOSE
Sản xuất
84
CTCP Dược - Trang thiết bị Y tế Bình Định (BIDIPHAR)
HOSE
Sản xuất
85
CTCP Dược phẩm Cửu Long
HOSE
Sản xuất
86
CTCP Phân bón Dầu khí Cà Mau
HOSE
Sản xuất
87
CTCP Tập đoàn Hóa chất Đức Giang
HOSE
Sản xuất
88
CTCP Hóa An
HOSE
Khai khoáng
89
CTCP Đông Hải Bến Tre
HOSE
Sản xuất
90
CTCP Dược Hậu Giang
HOSE
Sản xuất
91
CTCP Thương mại và Khai thác Khoáng sản Dương Hiếu
HOSE
Khai khoáng
92
CTCP Điện cơ Hải Phòng
HNX
Sản xuất
93
CTCP Đầu tư Phát triển Xây dựng - Hội An
HNX
Xây dựng và Bất động sản
94
CTCP Xuất nhập khẩu Y Tế Domesco
HOSE
Sản xuất
95
CTCP Điện Nước Lắp máy Hải Phòng
HNX
Tiện ích
96
CTCP Dược phẩm Trung ương 3
HNX
Sản xuất
97
CTCP Nhựa Đà Nẵng
HNX
Sản xuất
98
CTCP Tập đoàn Đạt Phương
HOSE
Xây dựng và Bất động sản
99
CTCP Tập đoàn Điện Quang
HOSE
Sản xuất
100
CTCP Cao su Đà Nẵng
HOSE
Sản xuất
101
CTCP Thủy điện - Điện Lực 3
HOSE
Tiện ích
102
CTCP Quản lý Đường sông Số 3
HNX
Vận tải và kho bãi
103
CTCP Công viên nước Đầm Sen
HOSE
Nghệ thuật, vui chơi và giải trí
104
CTCP Đệ Tam
HOSE
Xây dựng và Bất động sản
105
CTCP Đầu tư Phát triển Thành Đạt
HNX
Xây dựng và Bất động sản
106
CTCP Đại Thiên Lộc
HOSE
Sản xuất
107
CTCP Đầu tư và Phát triển Cảng Đình Vũ
HOSE
Vận tải và kho bãi
108
CTCP Tập đoàn Đất Xanh
HOSE
Xây dựng và Bất động sản
109
Ngân hàng TMCP Xuất nhập khẩu Việt Nam
HOSE
Tài chính và bảo hiểm
110
CTCP Đầu tư và Phát triển Giáo dục Hà Nội
HNX
Công nghệ và thông tin
111
CTCP Công Nghệ - Viễn Thông Elcom
HOSE
Công nghệ và thông tin
112
CTCP Everpia
HOSE
Sản xuất
113
Công ty Tài chính Cổ phần Điện lực
HOSE
Tài chính và bảo hiểm
114
CTCP Chứng khoán Everest
HNX
Tài chính và bảo hiểm
115
CTCP Khoáng sản FECON
HOSE
Sản xuất
116
CTCP FECON
HOSE
Xây dựng và Bất động sản
117
CTCP Tập đoàn F.I.T
HOSE
Sản xuất
118
CTCP Thực phẩm Sao Ta
HOSE
Sản xuất
119
CTCP FPT
HOSE
Công nghệ và thông tin
120
CTCP Bán lẻ Kỹ thuật số FPT
HOSE
Bán lẻ
121
CTCP Chứng khoán FPT
HOSE
Tài chính và bảo hiểm
122
CTCP Cấp nước Gia Định
HNX
Tiện ích
123
CTCP Điện Gia Lai
HOSE
Tiện ích
124
CTCP Tập đoàn GELEX
HOSE
Sản xuất
125
CTCP Đầu tư Dịch vụ và Phát triển Xanh
HNX
Vận tải và kho bãi
126
CTCP Kỹ thuật Điện Toàn cầu
HNX
Công nghệ và thông tin
127
CTCP G-Automobile
HNX
Bán lẻ
128
CTCP Garmex Sài Gòn
HOSE
Sản xuất
129
CTCP Gemadept
HOSE
Vận tải và kho bãi
130
CTCP Minh Hưng Quảng Trị
HOSE
Sản xuất
131
CTCP Gạch ngói Gốm Xây dựng Mỹ Xuân
HNX
Sản xuất
132
CTCP Chế biến gỗ Thuận An
HOSE
Sản xuất
133
Tập đoàn Công nghiệp Cao su Việt Nam - CTCP
HOSE
Sản xuất
134
CTCP Bia Hà Nội - Hải Dương
HNX
Sản xuất
135
CTCP Đầu tư Thương mại Bất động sản An Dương Thảo Điền
HOSE
Xây dựng và Bất động sản
136
CTCP Thương mại Bia Hà Nội
HNX
Sản xuất
137
CTCP Dịch vụ Ô tô Hàng Xanh
HOSE
Bán lẻ
138
CTCP Chứng khoán Thành phố Hồ Chí Minh
HOSE
Tài chính và bảo hiểm
139
Ngân hàng TMCP Phát triển TP. HCM
HOSE
Tài chính và bảo hiểm
140
CTCP Cơ khí và Khoáng sản Hà Giang
HNX
Khai khoáng
141
CTCP Bánh kẹo Hải Hà
HNX
Sản xuất
142
CTCP HHP Global
HOSE
Sản xuất
143
CTCP Đầu tư Dịch vụ Hoàng Huy
HOSE
Bán buôn
144
CTCP Đầu tư Hạ tầng Giao thông Đèo Cả
HOSE
Xây dựng và Bất động sản
145
CTCP Halcom Việt Nam
HOSE
Tiện ích
146
CTCP An Tiến Industries
HOSE
Sản xuất
147
CTCP Thủy điện Nậm Mu
HNX
Tiện ích
148
CTCP Đầu tư Ego Việt Nam
HNX
Sản xuất nông nghiệp
149
CTCP Than Hà Lầm - Vinacomin
HNX
Khai khoáng
150
CTCP Kim khí Thành phố Hồ Chí Minh - VNSTEEL
HOSE
Bán buôn
151
CTCP Đá Hoàng Mai
HNX
Khai khoáng
152
CTCP Nông nghiệp Quốc tế Hoàng Anh Gia Lai
HOSE
Sản xuất nông nghiệp
153
CTCP Tập đoàn Hòa Phát
HOSE
Sản xuất
154
CTCP Tư vấn Thương mại Dịch vụ Địa Ốc Hoàng Quân
HOSE
Xây dựng và Bất động sản
155
CTCP Tập đoàn Hoa Sen
HOSE
Sản xuất
156
CTCP Đầu tư Phát triển Thực phẩm Hồng Hà
HOSE
Sản xuất nông nghiệp
157
CTCP Xi Măng Vicem Hà Tiên
HOSE
Sản xuất
158
CTCP Đầu tư Phát triển Hạ tầng IDICO
HOSE
Xây dựng và Bất động sản
159
CTCP Kỹ thuật và Ô tô Trường Long
HOSE
Bán buôn
160
CTCP Logistics Vicem
HOSE
Vận tải và kho bãi
161
CTCP Đầu tư và Xây dựng HUD1
HOSE
Xây dựng và Bất động sản
162
CTCP Đầu tư và Công nghệ HVC
HOSE
Xây dựng và Bất động sản
163
Tổng Công ty IDICO – CTCP
HNX
Tiện ích
164
CTCP ICD Tân Cảng - Long Bình
HOSE
Vận tải và kho bãi
165
CTCP Dược phẩm Imexpharm
HOSE
Sản xuất
166
CTCP Tư vấn Đầu tư IDICO
HNX
Dịch vụ chuyên môn, khoa học và công nghệ
167
CTCP Công nghệ Tiên Phong
HOSE
Công nghệ và thông tin
168
CTCP Tập đoàn Thiên Quang
HNX
Sản xuất
169
CTCP Chứng khoán Guotai Junan (Việt Nam)
HNX
Tài chính và bảo hiểm
170
CTCP Thiết bị Y tế Việt Nhật
HOSE
Bán buôn
171
CTCP Đầu tư và Kinh doanh Nhà Khang Điền
HOSE
Xây dựng và Bất động sản
172
CTCP Tập Đoàn GCL
HNX
Bán buôn
173
CTCP Điện lực Khánh Hòa
HOSE
Tiện ích
174
CTCP Kiên Hùng
HNX
Sản xuất
175
CTCP Tập Đoàn Thành Thái
HNX
Sản xuất
176
CTCP Mirae
HOSE
Sản xuất
177
CTCP Đầu tư DNA
HNX
Sản xuất
178
Tổng Công ty Khoáng sản TKV - CTCP
HNX
Khai khoáng
179
CTCP Đường Kon Tum
HNX
Sản xuất
180
CTCP Lilama 10
HOSE
Xây dựng và Bất động sản
181
CTCP Licogi 14
HNX
Xây dựng và Bất động sản
182
CTCP Đầu tư và Xây dựng Số 18
HNX
Xây dựng và Bất động sản
183
CTCP Đầu Tư và Xây dựng 40
HNX
Xây dựng và Bất động sản
184
CTCP Lilama 45.3
HNX
Xây dựng và Bất động sản
185
CTCP Lilama 69-1
HNX
Xây dựng và Bất động sản
186
CTCP Chế biến hàng Xuất khẩu Long An
HOSE
Sản xuất
187
CTCP Khoáng sản và Vật liệu Xây dựng Lâm Đồng
HOSE
Sản xuất
188
CTCP Lizen
HOSE
Xây dựng và Bất động sản
189
CTCP Dược Lâm Đồng (Ladophar)
HNX
Sản xuất
190
CTCP Đầu tư và Xây dựng Thủy lợi Lâm Đồng
HNX
Xây dựng và Bất động sản
191
CTCP Long Hậu
HOSE
Xây dựng và Bất động sản
192
CTCP Bột Giặt Lix
HOSE
Sản xuất
193
CTCP Lilama 18
HOSE
Xây dựng và Bất động sản
194
Ngân hàng TMCP Bưu điện Liên Việt
HOSE
Tài chính và bảo hiểm
195
CTCP Mía Đường Lam Sơn
HOSE
Sản xuất
196
CTCP Dịch vụ Hàng không Sân bay Đà Nẵng
HNX
Vận tải và kho bãi
197
Ngân hàng TMCP Quân Đội
HOSE
Tài chính và bảo hiểm
198
CTCP Tập đoàn MBG
HNX
Sản xuất
199
CTCP Chứng khoán MB
HNX
Tài chính và bảo hiểm
200
CTCP Gạch ngói Cao cấp
HNX
Sản xuất
201
CTCP Xây lắp Cơ khí và Lương thực Thực phẩm
HNX
Bán buôn
202
CTCP In và Bao bì Mỹ Châu
HOSE
Sản xuất
203
CTCP Thép Mê Lin
HNX
Bán buôn
204
CTCP MHC
HOSE
Vận tải và kho bãi
205
Tổng Công ty cổ phần Bảo hiểm Quân Đội
HOSE
Tài chính và bảo hiểm
206
CTCP Dược thú Y Cai Lậy
HNX
Sản xuất
207
Ngân hàng TMCP Hàng hải Việt Nam
HOSE
Tài chính và bảo hiểm
208
CTCP Đầu tư MST
HNX
Xây dựng và Bất động sản
209
Tổng Công ty Công nghiệp mỏ Việt Bắc TKV - CTCP
HNX
Khai khoáng
210
CTCP Đầu tư Thế giới Di động
HOSE
Bán lẻ
211
CTCP Nafoods Group
HOSE
Sản xuất
212
CTCP Cảng Nghệ Tĩnh
HNX
Vận tải và kho bãi
213
CTCP Nam Việt
HOSE
Sản xuất
214
CTCP Đầu tư Năm Bảy Bảy
HOSE
Xây dựng và Bất động sản
215
CTCP Than Núi Béo - Vinacomin
HNX
Khai khoáng
216
CTCP Nhiệt điện Ninh Bình
HNX
Tiện ích
217
CTCP Cấp nước Nhà Bè
HNX
Tiện ích
218
CTCP Dịch vụ Hàng hóa Nội Bài
HOSE
Vận tải và kho bãi
219
CTCP Đầu tư Phát triển Nhà Đà Nẵng
HNX
Xây dựng và Bất động sản
220
CTCP Bột giặt NET
HNX
Sản xuất
221
CTCP Phân lân Ninh Bình
HNX
Sản xuất
222
Tổng Công ty Đầu tư Phát triển Nhà và Đô thị Nam Hà Nội
HOSE
Xây dựng và Bất động sản
223
CTCP Gạch ngói Nhị Hiệp
HNX
Sản xuất
224
CTCP Nhựa Hà Nội
HOSE
Sản xuất
225
CTCP Thép Nam Kim
HOSE
Sản xuất
226
CTCP Đá Núi Nhỏ
HOSE
Khai khoáng
227
CTCP Tập Đoàn Danh Khôi
HNX
Xây dựng và Bất động sản
228
CTCP Tập đoàn Giống cây trồng Việt Nam
HOSE
Sản xuất nông nghiệp
229
CTCP Tập Đoàn Nhôm Sông Hồng Shalumi
HNX
Sản xuất
230
CTCP Điện lực Dầu khí Nhơn Trạch 2
HOSE
Tiện ích
231
CTCP Thủy điện Nước Trong
HNX
Tiện ích
232
CTCP Phát triển Đô thị Từ Liêm
HOSE
Xây dựng và Bất động sản
233
CTCP Nhựa Thiếu niên Tiền Phong
HNX
Sản xuất
234
Ngân hàng TMCP Quốc Dân
HNX
Tài chính và bảo hiểm
235
CTCP Bất động sản Du lịch Ninh Vân Bay
HOSE
Dịch vụ lưu trú và ăn uống
236
Ngân hàng TMCP Phương Đông
HOSE
Tài chính và bảo hiểm
237
CTCP One Capital Hospitality
HNX
Dịch vụ lưu trú và ăn uống
238
CTCP Tập đoàn Đại Dương
HOSE
Tài chính và bảo hiểm
239
CTCP Công nghệ One
HNX
Công nghệ và thông tin
240
CTCP Dược phẩm OPC
HOSE
Sản xuất
241
CTCP Pin Ắc quy Miền Nam
HOSE
Sản xuất
242
CTCP Tập đoàn Pan
HOSE
Sản xuất
243
CTCP Bao bì Dầu khí Việt Nam
HNX
Sản xuất
244
CTCP Tập Đoàn PC1
HOSE
Xây dựng và Bất động sản
245
CTCP Phân bón và Hóa chất Dầu khí Miền Trung
HNX
Sản xuất
246
CTCP Nhựa Picomat
HNX
Sản xuất
247
CTCP Tập đoàn Đầu tư Din Capital
HNX
Sản xuất
248
CTCP Cảng Đồng Nai
HOSE
Vận tải và kho bãi
249
CTCP Phát triển Bất động sản Phát Đạt
HOSE
Xây dựng và Bất động sản
250
CTCP Xây lắp III Petrolimex
HNX
Xây dựng và Bất động sản
251
Tổng Công ty Gas Petrolimex - CTCP
HOSE
Tiện ích
252
CTCP Phân phối khí thấp áp Dầu khí Việt Nam
HOSE
Tiện ích
253
Tổng Công ty cổ phần Bảo hiểm Petrolimex
HOSE
Tài chính và bảo hiểm
254
CTCP Phụ Gia Nhựa
HNX
Sản xuất
255
CTCP Kinh doanh Khí Miền Nam
HNX
Tiện ích
256
Tổng Công ty Phát điện 3 - CTCP
HOSE
Tiện ích
257
CTCP Xây dựng Phục Hưng Holdings
HOSE
Xây dựng và Bất động sản
258
CTCP Pin Hà Nội
HNX
Sản xuất
259
CTCP Tin học Viễn thông Petrolimex
HNX
Công nghệ và thông tin
260
CTCP Đầu tư Điện lực 3
HNX
Tiện ích
261
CTCP Xuất nhập khẩu Petrolimex
HOSE
Bán buôn
262
CTCP Vận tải Xăng dầu đường Thủy Petrolimex
HOSE
Vận tải và kho bãi
263
Tổng Công ty Hóa dầu Petrolimex - CTCP
HNX
Sản xuất
264
Tập đoàn Xăng Dầu Việt Nam
HOSE
Bán buôn
265
HNX
Sản xuất
266
CTCP Dược phẩm Dược liệu Pharmedic
HNX
Sản xuất
267
CTCP Vàng bạc Đá quý Phú Nhuận
HOSE
Bán lẻ
268
CTCP Tư vấn đầu tư PP Enterprise
HNX
Dịch vụ chuyên môn, khoa học và công nghệ
269
CTCP Dịch vụ Kỹ thuật Điện lực Dầu khí Việt Nam
HNX
Xây dựng và Bất động sản
270
CTCP Xăng dầu Dầu khí Phú Yên
HNX
Bán buôn
271
CTCP Logistics Portserco
HNX
Vận tải và kho bãi
272
Tổng Công ty cổ phần Tái bảo hiểm Hà Nội
HNX
Tài chính và bảo hiểm
273
CTCP Dịch vụ Phân phối Tổng hợp Dầu khí
HNX
Bán buôn
274
CTCP Phân bón và Hóa chất Dầu khí Tây Nam Bộ
HNX
Sản xuất
275
CTCP Phú Tài
HOSE
Sản xuất
276
CTCP Đầu Tư Icapital
HOSE
Xây dựng và Bất động sản
277
CTCP Thiết kế Xây dựng Thương mại Phúc Thịnh
HNX
Xây dựng và Bất động sản
278
CTCP Victory Capital
HOSE
Xây dựng và Bất động sản
279
CTCP Vận tải và Dịch vụ Petrolimex Hải Phòng
HNX
Vận tải và kho bãi
280
CTCP Đầu tư PV2
HNX
Xây dựng và Bất động sản
281
CTCP Bọc ống Dầu khí Việt Nam
HNX
Khai khoáng
282
Tổng Công ty Hóa chất và Dịch vụ Dầu khí - CTCP
HNX
Khai khoáng
283
Tổng Công ty cổ phần Khoan và Dịch vụ khoan Dầu khí
HOSE
Khai khoáng
284
CTCP Kinh doanh LPG Việt Nam
HNX
Tiện ích
285
CTCP PVI
HNX
Tài chính và bảo hiểm
286
CTCP Vận tải Dầu khí Thái Bình Dương
HOSE
Vận tải và kho bãi
287
Tổng Công ty cổ phần Dịch vụ Kỹ thuật Dầu khí Việt Nam
HNX
Khai khoáng
288
CTCP Bóng đèn Phích nước Rạng Đông
HOSE
Sản xuất
289
CTCP Cơ Điện Lạnh
HOSE
Xây dựng và Bất động sản
290
CTCP Thủy điện Sê San 4A
HOSE
Tiện ích
291
CTCP SCI
HNX
Xây dựng và Bất động sản
292
Tổng Công ty cổ phần Bia - Rượu - Nước giải khát Sài Gòn
HOSE
Sản xuất
293
CTCP Lương thực Thực phẩm Safoco
HNX
Sản xuất
294
CTCP Hợp tác Kinh tế và Xuất nhập khẩu Savimex
HOSE
Sản xuất
295
CTCP Sông Ba
HOSE
Tiện ích
296
CTCP Thành Thành Công - Biên Hòa
HOSE
Sản xuất
297
CTCP Siam Brothers Việt Nam
HOSE
Sản xuất
298
CTCP Nước giải khát Chương Dương
HOSE
Sản xuất
299
CTCP SCI E&C
HNX
Xây dựng và Bất động sản
300
CTCP Địa ốc Sài Gòn Thương Tín
HOSE
Xây dựng và Bất động sản
301
CTCP Dịch vụ Hàng hóa Sài Gòn
HOSE
Vận tải và kho bãi
302
CTCP Tư vấn Sông Đà
HNX
Dịch vụ chuyên môn, khoa học và công nghệ
303
CTCP Sơn Đồng Nai
HNX
Sản xuất
304
CTCP Đầu tư và Phát triển Điện Miền Trung
HNX
Tiện ích
305
CTCP Đầu tư và Phát triển Giáo dục Phương Nam
HNX
Công nghệ và thông tin
306
CTCP Phân Bón Miền Nam
HOSE
Sản xuất
307
CTCP Đại lý Vận tải SAFI
HOSE
Vận tải và kho bãi
308
CTCP Dệt lưới Sài Gòn
HNX
Sản xuất
309
CTCP Xuất nhập khẩu Sa Giang
HNX
Sản xuất
310
CTCP Sách Giáo dục tại Thành phố Hồ Chí Minh
HNX
Công nghệ và thông tin
311
CTCP Phục vụ Mặt đất Sài Gòn
HOSE
Vận tải và kho bãi
312
CTCP Tổng CTCP Địa ốc Sài Gòn
HOSE
Xây dựng và Bất động sản
313
Ngân hàng TMCP Sài Gòn - Hà Nội
HOSE
Tài chính và bảo hiểm
314
CTCP Đầu tư Tổng hợp Hà Nội
HNX
Bán buôn
315
CTCP Thủy điện Miền Nam
HOSE
Tiện ích
316
CTCP Chứng khoán Sài Gòn - Hà Nội
HNX
Tài chính và bảo hiểm
317
CTCP Nông nghiệp Hùng Hậu
HNX
Sản xuất
318
CTCP Thủy điện Cần Đơn
HOSE
Tiện ích
319
CTCP Tàu cao tốc Superdong - Kiên Giang
HOSE
Vận tải và kho bãi
320
CTCP Mía Đường Sơn La
HNX
Sản xuất
321
CTCP Bia Sài Gòn - Miền Trung
HOSE
Sản xuất
322
CTCP Đầu tư Thương mại SMC
HOSE
Bán buôn
323
CTCP Sách và Thiết bị Giáo dục Miền Nam
HNX
Công nghệ và thông tin
324
CTCP Bảo vệ Thực vật Sài Gòn
HNX
Sản xuất
325
CTCP Spiral Galaxy
HNX
Khai khoáng
326
CTCP Cao su Sao Vàng
HOSE
Sản xuất
327
Ngân hàng TMCP Đông Nam Á
HOSE
Tài chính và bảo hiểm
328
CTCP Giống cây trồng Miền Nam
HOSE
Sản xuất nông nghiệp
329
CTCP Chứng khoán SSI
HOSE
Tài chính và bảo hiểm
330
CTCP Chế tạo kết cấu Thép Vneco.SSM
HNX
Sản xuất
331
CTCP Đầu tư phát triển ST8
HOSE
Bán buôn
332
Ngân hàng TMCP Sài Gòn Thương Tín
HOSE
Tài chính và bảo hiểm
333
CTCP Sách và Thiết bị Trường học Thành phố Hồ Chí Minh
HNX
Công nghệ và thông tin
334
CTCP Kho vận Miền Nam
HOSE
Vận tải và kho bãi
335
CTCP Bao bì Biên Hòa
HOSE
Sản xuất
336
CTCP Tập đoàn Vexilla Việt Nam
HNX
Sản xuất nông nghiệp
337
CTCP Công nghệ Sài Gòn Viễn Đông
HOSE
Sản xuất
338
CTCP Sonadezi Long Bình
HNX
Xây dựng và Bất động sản
339
CTCP Sonadezi Châu Đức
HOSE
Xây dựng và Bất động sản
340
CTCP Xây lắp Thành An 96
HNX
Xây dựng và Bất động sản
341
CTCP Than Cọc Sáu - Vinacomin
HNX
Khai khoáng
342
Ngân hàng TMCP Kỹ thương Việt Nam
HOSE
Tài chính và bảo hiểm
343
CTCP Đầu tư Phát triển Công nghiệp và Vận tải
HOSE
Xây dựng và Bất động sản
344
CTCP Đầu tư Dịch vụ Tài chính Hoàng Huy
HOSE
Xây dựng và Bất động sản
345
CTCP Đại lý Giao nhận Vận tải Xếp dỡ Tân Cảng
HOSE
Vận tải và kho bãi
346
CTCP Dệt may - Đầu tư - Thương mại Thành Công
HOSE
Sản xuất
347
CTCP Đầu tư TDG GLOBAL
HOSE
Bán buôn
348
CTCP Nước Thủ Dầu Một
HOSE
Tiện ích
349
CTCP Than Đèo Nai - Vinacomin
HNX
Khai khoáng
350
CTCP Cấp nước Thủ Đức
HOSE
Tiện ích
351
CTCP Năng lượng và Bất động sản Trường Thành
HOSE
Sản xuất
352
CTCP Bia Hà Nội - Thanh Hóa
HNX
Sản xuất
353
CTCP Đầu tư và Xây dựng Tiền Giang
HOSE
Sản xuất
354
CTCP Than Hà Tu - Vinacomin
HNX
Khai khoáng
355
CTCP Phát triển Khu Công nghiệp Tín Nghĩa
HOSE
Xây dựng và Bất động sản
356
CTCP Công nghiệp Tung Kuang
HNX
Sản xuất
357
CTCP Đầu tư Xây dựng và Phát triển Đô thị Thăng Long
HOSE
Sản xuất
358
CTCP Tập đoàn Thiên Long
HOSE
Sản xuất
359
CTCP Tập đoàn Thép Tiến Lên
HOSE
Bán buôn
360
CTCP Kinh doanh Than Miền Bắc - Vinacomin
HNX
Khai khoáng
361
CTCP Thương mại Xuất nhập khẩu Thủ Đức
HNX
Bán lẻ
362
CTCP Đầu tư và Thương mại TNG
HNX
Sản xuất
363
CTCP Bệnh viện Quốc tế Thái Nguyên
HOSE
Chăm sóc sức khỏe và hoạt động trợ giúp xã hội
364
CTCP Transimex Logistics
HNX
Vận tải và kho bãi
365
Ngân hàng TMCP Tiên Phong
HOSE
Tài chính và bảo hiểm
366
CTCP Nhựa Tân Đại Hưng
HOSE
Sản xuất
367
CTCP Tân Phú Việt Nam
HNX
Sản xuất
368
CTCP Cao su Tây Ninh
HOSE
Sản xuất
369
CTCP Ắc quy Tia Sáng
HNX
Sản xuất
370
CTCP Vật tư Kỹ thuật nông nghiệp Cần Thơ
HOSE
Bán buôn
371
CTCP Đầu tư Xây dựng và Phát triển Trường Thành
HOSE
Tiện ích
372
CTCP Gạch men Thanh Thanh
HNX
Sản xuất
373
CTCP Đầu tư Năng lượng Trường Thịnh
HOSE
Tiện ích
374
CTCP Tập đoàn Kỹ nghệ gỗ Trường Thành
HOSE
Sản xuất
375
CTCP Thương mại và Dịch vụ Tiến Thành
HNX
Bán buôn
376
CTCP Du lịch - Thương mại Tây Ninh
HNX
Dịch vụ hỗ trợ (hành chính, du lịch, an ninh, kiểm định…) và xử lý rác thải
377
CTCP Tư vấn Xây dựng Điện 3
HNX
Dịch vụ chuyên môn, khoa học và công nghệ
378
CTCP Than Vàng Danh - Vinacomin
HNX
Khai khoáng
379
Tổng Công ty Việt Thắng - CTCP
HOSE
Sản xuất
380
CTCP VICEM Thạch cao Xi măng
HNX
Sản xuất
381
CTCP Dây và Cáp Điện Taya Việt Nam
HOSE
Sản xuất
382
CTCP Đầu tư Phát triển Nhà và Đô thị IDICO
HOSE
Tiện ích
383
CTCP Đầu Tư Và Phát Triển Sao Mai Việt
HNX
Bán buôn
384
CTCP Xây dựng Số 12
HNX
Xây dựng và Bất động sản
385
CTCP Vinaconex 21
HNX
Xây dựng và Bất động sản
386
CTCP Phân lân Nung chảy Văn Điển
HOSE
Sản xuất
387
CTCP Xây dựng Số 1
HNX
Xây dựng và Bất động sản
388
CTCP Tập đoàn BGI
HNX
Xây dựng và Bất động sản
389
CTCP Xây dựng số 9 - VC9
HNX
Xây dựng và Bất động sản
390
CTCP Thép VICASA - VNSTEEL
HOSE
Sản xuất
391
Ngân hàng TMCP Ngoại thương Việt Nam
HOSE
Tài chính và bảo hiểm
392
CTCP Vinacafé Biên Hòa
HOSE
Sản xuất
393
Tổng Công ty cổ phần Xuất nhập khẩu và Xây dựng Việt Nam
HOSE
Xây dựng và Bất động sản
394
CTCP Vicostone
HNX
Sản xuất
395
CTCP Chứng khoán Rồng Việt
HOSE
Tài chính và bảo hiểm
396
CTCP Khử trùng Việt Nam
HOSE
Bán buôn
397
CTCP Ống thép Việt Đức VG PIPE
HNX
Sản xuất
398
CTCP Vinhomes
HOSE
Xây dựng và Bất động sản
399
Ngân hàng TMCP Quốc tế Việt Nam
HOSE
Tài chính và bảo hiểm
400
Tập đoàn VINGROUP - CTCP
HOSE
Xây dựng và Bất động sản
401
CTCP Đầu tư Phát triển Thương mại Viễn Đông
HOSE
Bán buôn
402
CTCP Chứng khoán Đầu tư tài chính Việt Nam
HNX
Tài chính và bảo hiểm
403
CTCP Viglacera Tiên Sơn
HNX
Sản xuất
404
CTCP Chứng khoán VIX
HOSE
Tài chính và bảo hiểm
405
CTCP Đầu tư và Phát triển Công nghệ Văn Lang
HNX
Dịch vụ giáo dục
406
CTCP Vimeco
HNX
Xây dựng và Bất động sản
407
CTCP Tập đoàn Vinacontrol
HNX
Dịch vụ chuyên môn, khoa học và công nghệ
408
CTCP Vinafreight
HNX
Vận tải và kho bãi
409
CTCP Logistics Vinalink
HOSE
Vận tải và kho bãi
410
CTCP Sữa Việt Nam
HOSE
Sản xuất
411
Tổng Công ty cổ phần Tái Bảo hiểm Quốc gia Việt Nam
HNX
Tài chính và bảo hiểm
412
CTCP Ánh Dương Việt Nam
HOSE
Vận tải và kho bãi
413
CTCP Giao nhận Vận tải Ngoại thương
HNX
Vận tải và kho bãi
414
CTCP Đầu tư Văn Phú - INVEST
HOSE
Xây dựng và Bất động sản
415
CTCP Thuốc sát trùng Việt Nam
HOSE
Sản xuất
416
CTCP Bất động sản và Đầu tư VRC
HOSE
Xây dựng và Bất động sản
417
CTCP Vincom Retail
HOSE
Xây dựng và Bất động sản
418
CTCP Container Việt Nam
HOSE
Vận tải và kho bãi
419
CTCP Thủy điện Vĩnh Sơn - Sông Hinh
HOSE
Tiện ích
420
CTCP Container Miền Trung
HNX
Vận tải và kho bãi
421
CTCP Viettronics Tân Bình
HOSE
Sản xuất
422
CTCP Thương mại và Đầu tư VI NA TA BA
HNX
Xây dựng và Bất động sản
423
CTCP Vận tải Xăng dầu Vitaco
HOSE
Vận tải và kho bãi
424
CTCP Bến xe Miền Tây
HNX
Vận tải và kho bãi","BAN TỔ CHỨC IR AWARDS 2024",""
